seed,experiment,treatment,control,diff
23001,E1_recall_competition,0.3844335339428939,0.054511829480608634,0.3299217044622853
23001,E2_associative_chain,0.6318181818181818,0.01818181818181818,0.6136363636363636
23001,E3_endogenous_transfer,0.26666666666666666,0.0,0.26666666666666666
23001,E4_goal_directed,0.2111111111111111,0.07777777777777778,0.13333333333333333
23001,E5_recursive_strengthening,0.9947170482382575,0.12406642993502476,0.8706506183032328
23001,E6_clone_divergence,0.034331643657117855,0.0,0.034331643657117855
23001,E7_observation_x_thought,0.2182741116751269,0.022321428571428572,0.19595268310369832
23001,E8_dream_recombination,1.0,0.0,1.0
23001,E9_lora_validated_internalization,0.9639999866485596,0.7839999794960022,0.18000000715255737
23001,E10_validated_vs_unvalidated,0.9642857313156128,0.7657142877578735,0.19857144355773926
23001,E11_verified_sharpening,0.9775000214576721,0.7987499833106995,0.17875003814697266
23001,E12_anchor_preservation,0.8100000023841858,0.6880000233650208,0.12199997901916504
23054,E1_recall_competition,0.39683041571757244,0.13542555835401243,0.26140485736356
23054,E2_associative_chain,0.5863636363636363,0.05454545454545454,0.5318181818181817
23054,E3_endogenous_transfer,0.2833333333333333,0.0,0.2833333333333333
23054,E4_goal_directed,0.23333333333333334,0.06111111111111111,0.17222222222222222
23054,E5_recursive_strengthening,0.9946751344502059,0.12320563294135464,0.8714695015088513
23054,E6_clone_divergence,0.03615059200838961,0.0,0.03615059200838961
23054,E7_observation_x_thought,0.21739130434782608,0.02531645569620253,0.19207484865162355
23054,E8_dream_recombination,1.0,0.0,1.0
23054,E9_lora_validated_internalization,0.9879999756813049,0.8519999980926514,0.13599997758865356
23054,E10_validated_vs_unvalidated,0.9457142949104309,0.5799999833106995,0.36571431159973145
23054,E11_verified_sharpening,0.9775000214576721,0.8050000071525574,0.17250001430511475
23054,E12_anchor_preservation,0.972000002861023,0.9760000109672546,-0.0040000081062316895
23107,E1_recall_competition,0.3411120854374861,0.08888040313722004,0.25223168230026605
23107,E2_associative_chain,0.5863636363636363,0.04090909090909091,0.5454545454545454
23107,E3_endogenous_transfer,0.20833333333333334,0.0,0.20833333333333334
23107,E4_goal_directed,0.2611111111111111,0.03888888888888889,0.22222222222222224
23107,E5_recursive_strengthening,0.9948414120693448,0.12669237255459181,0.8681490395147531
23107,E6_clone_divergence,0.03644987228687639,0.0,0.03644987228687639
23107,E7_observation_x_thought,0.25980392156862747,0.05327868852459016,0.2065252330440373
23107,E8_dream_recombination,1.0,0.0,1.0
23107,E9_lora_validated_internalization,0.9639999866485596,0.7620000243186951,0.2019999623298645
23107,E10_validated_vs_unvalidated,0.9671428799629211,0.8128571510314941,0.154285728931427
23107,E11_verified_sharpening,0.9800000190734863,0.8537499904632568,0.1262500286102295
23107,E12_anchor_preservation,0.9599999785423279,0.9340000152587891,0.02599996328353882
23160,E1_recall_competition,0.3623564982738109,0.06920668526248333,0.2931498130113276
23160,E2_associative_chain,0.6681818181818182,0.02727272727272727,0.640909090909091
23160,E3_endogenous_transfer,0.2916666666666667,0.0,0.2916666666666667
23160,E4_goal_directed,0.2222222222222222,0.07222222222222222,0.15
23160,E5_recursive_strengthening,0.9946804276127742,0.12331368474977197,0.8713667428630022
23160,E6_clone_divergence,0.03748908948964363,0.0,0.03748908948964363
23160,E7_observation_x_thought,0.22564102564102564,0.05429864253393665,0.171342383107089
23160,E8_dream_recombination,1.0,0.0,1.0
23160,E9_lora_validated_internalization,0.9739999771118164,0.7179999947547913,0.25599998235702515
23160,E10_validated_vs_unvalidated,0.9257143139839172,0.558571457862854,0.36714285612106323
23160,E11_verified_sharpening,0.9737499952316284,0.78125,0.19249999523162842
23160,E12_anchor_preservation,0.7480000257492065,0.6800000071525574,0.06800001859664917
23213,E1_recall_competition,0.3587617982394097,0.04654982161597874,0.3122119766234309
23213,E2_associative_chain,0.5863636363636363,0.045454545454545456,0.5409090909090909
23213,E3_endogenous_transfer,0.25,0.0,0.25
23213,E4_goal_directed,0.28888888888888886,0.044444444444444446,0.2444444444444444
23213,E5_recursive_strengthening,0.9946427388715697,0.12254840594235504,0.8720943329292147
23213,E6_clone_divergence,0.037285670041076156,0.0,0.037285670041076156
23213,E7_observation_x_thought,0.30158730158730157,0.058823529411764705,0.24276377217553685
23213,E8_dream_recombination,1.0,0.0,1.0
23213,E9_lora_validated_internalization,0.9900000095367432,0.8500000238418579,0.13999998569488525
23213,E10_validated_vs_unvalidated,0.9257143139839172,0.6657142639160156,0.2600000500679016
23213,E11_verified_sharpening,0.9662500023841858,0.8100000023841858,0.15625
23213,E12_anchor_preservation,0.8820000290870667,0.8299999833106995,0.05200004577636719
23266,E1_recall_competition,0.3367064361357337,0.07412072240554787,0.2625857137301858
23266,E2_associative_chain,0.6409090909090909,0.03636363636363636,0.6045454545454545
23266,E3_endogenous_transfer,0.325,0.0,0.325
23266,E4_goal_directed,0.25,0.044444444444444446,0.20555555555555555
23266,E5_recursive_strengthening,0.9946626089125157,0.12295069136580795,0.8717119175467077
23266,E6_clone_divergence,0.03497516723048473,0.0,0.03497516723048473
23266,E7_observation_x_thought,0.24257425742574257,0.10222222222222223,0.14035203520352035
23266,E8_dream_recombination,1.0,0.0,1.0
23266,E9_lora_validated_internalization,0.9580000042915344,0.6359999775886536,0.32200002670288086
23266,E10_validated_vs_unvalidated,0.9214285612106323,0.7085714340209961,0.21285712718963623
23266,E11_verified_sharpening,0.9800000190734863,0.7275000214576721,0.2524999976158142
23266,E12_anchor_preservation,0.515999972820282,0.3959999978542328,0.1199999749660492
23319,E1_recall_competition,0.3319402200067777,0.11494107054829002,0.2169991494584877
23319,E2_associative_chain,0.6181818181818182,0.03636363636363636,0.5818181818181818
23319,E3_endogenous_transfer,0.175,0.0,0.175
23319,E4_goal_directed,0.3055555555555556,0.05,0.2555555555555556
23319,E5_recursive_strengthening,0.9947457972144554,0.12466380235142976,0.8700819948630256
23319,E6_clone_divergence,0.035508125018539546,0.0,0.035508125018539546
23319,E7_observation_x_thought,0.1711229946524064,0.06451612903225806,0.10660686562014834
23319,E8_dream_recombination,1.0,0.0,1.0
23319,E9_lora_validated_internalization,0.984000027179718,0.7820000052452087,0.20200002193450928
23319,E10_validated_vs_unvalidated,0.8928571343421936,0.5242857336997986,0.368571400642395
23319,E11_verified_sharpening,0.9837499856948853,0.7825000286102295,0.20124995708465576
23319,E12_anchor_preservation,0.9240000247955322,0.9160000085830688,0.008000016212463379
23372,E1_recall_competition,0.3340771143056826,0.10510345874213452,0.2289736555635481
23372,E2_associative_chain,0.5727272727272728,0.013636363636363636,0.5590909090909091
23372,E3_endogenous_transfer,0.30833333333333335,0.0,0.30833333333333335
23372,E4_goal_directed,0.21666666666666667,0.06111111111111111,0.15555555555555556
23372,E5_recursive_strengthening,0.9947591312721472,0.12494281490215761,0.8698163163699896
23372,E6_clone_divergence,0.03656921555027586,0.0,0.03656921555027586
23372,E7_observation_x_thought,0.2100456621004566,0.040160642570281124,0.16988501953017549
23372,E8_dream_recombination,1.0,0.0,1.0
23372,E9_lora_validated_internalization,0.9639999866485596,0.722000002861023,0.24199998378753662
23372,E10_validated_vs_unvalidated,0.9328571557998657,0.7071428298950195,0.2257143259048462
23372,E11_verified_sharpening,0.9825000166893005,0.8212500214576721,0.16124999523162842
23372,E12_anchor_preservation,0.8799999952316284,0.8180000185966492,0.06199997663497925
23425,E1_recall_competition,0.39606396626023194,0.04236774342836021,0.35369622283187174
23425,E2_associative_chain,0.6045454545454545,0.04090909090909091,0.5636363636363636
23425,E3_endogenous_transfer,0.31666666666666665,0.0,0.31666666666666665
23425,E4_goal_directed,0.2722222222222222,0.05555555555555555,0.21666666666666665
23425,E5_recursive_strengthening,0.994723705959429,0.12420426323798356,0.8705194427214455
23425,E6_clone_divergence,0.036081609887687015,0.0,0.036081609887687015
23425,E7_observation_x_thought,0.20179372197309417,0.06854838709677419,0.13324533487631998
23425,E8_dream_recombination,1.0,0.0,1.0
23425,E9_lora_validated_internalization,0.9639999866485596,0.7260000109672546,0.23799997568130493
23425,E10_validated_vs_unvalidated,0.918571412563324,0.6485714316368103,0.26999998092651367
23425,E11_verified_sharpening,0.9624999761581421,0.6537500023841858,0.3087499737739563
23425,E12_anchor_preservation,0.8679999709129333,0.7839999794960022,0.08399999141693115
23478,E1_recall_competition,0.3004928970958425,0.034467189350279676,0.2660257077455628
23478,E2_associative_chain,0.6636363636363637,0.045454545454545456,0.6181818181818183
23478,E3_endogenous_transfer,0.20833333333333334,0.0,0.20833333333333334
23478,E4_goal_directed,0.2222222222222222,0.03333333333333333,0.18888888888888888
23478,E5_recursive_strengthening,0.9947227264354482,0.1241839652779875,0.8705387611574608
23478,E6_clone_divergence,0.0343142842004431,0.0,0.0343142842004431
23478,E7_observation_x_thought,0.22705314009661837,0.034482758620689655,0.1925703814759287
23478,E8_dream_recombination,1.0,0.0,1.0
23478,E9_lora_validated_internalization,0.9539999961853027,0.6740000247955322,0.2799999713897705
23478,E10_validated_vs_unvalidated,0.9514285922050476,0.7257142663002014,0.2257143259048462
23478,E11_verified_sharpening,0.9862499833106995,0.9200000166893005,0.06624996662139893
23478,E12_anchor_preservation,0.9279999732971191,0.8880000114440918,0.039999961853027344
23531,E1_recall_competition,0.3064415336066665,0.047293992146268254,0.2591475414603982
23531,E2_associative_chain,0.6545454545454545,0.04090909090909091,0.6136363636363636
23531,E3_endogenous_transfer,0.2916666666666667,0.0,0.2916666666666667
23531,E4_goal_directed,0.24444444444444444,0.06666666666666667,0.17777777777777776
23531,E5_recursive_strengthening,0.9948033260963655,0.12587652505438213,0.8689268010419833
23531,E6_clone_divergence,0.03662625766375844,0.0,0.03662625766375844
23531,E7_observation_x_thought,0.23529411764705882,0.01809954751131222,0.2171945701357466
23531,E8_dream_recombination,1.0,0.0,1.0
23531,E9_lora_validated_internalization,0.949999988079071,0.6840000152587891,0.265999972820282
23531,E10_validated_vs_unvalidated,0.9642857313156128,0.5771428346633911,0.3871428966522217
23531,E11_verified_sharpening,0.9412500262260437,0.6512500047683716,0.2900000214576721
23531,E12_anchor_preservation,0.6800000071525574,0.5299999713897705,0.15000003576278687
23584,E1_recall_competition,0.3541840657488078,0.05295685078215151,0.3012272149666563
23584,E2_associative_chain,0.6545454545454545,0.02727272727272727,0.6272727272727273
23584,E3_endogenous_transfer,0.20833333333333334,0.0,0.20833333333333334
23584,E4_goal_directed,0.2111111111111111,0.05,0.1611111111111111
23584,E5_recursive_strengthening,0.9947308889414324,0.1243533126852674,0.870377576256165
23584,E6_clone_divergence,0.037605924366125004,0.0,0.037605924366125004
23584,E7_observation_x_thought,0.25925925925925924,0.03669724770642202,0.22256201155283722
23584,E8_dream_recombination,1.0,0.0,1.0
23584,E9_lora_validated_internalization,0.984000027179718,0.7919999957084656,0.19200003147125244
23584,E10_validated_vs_unvalidated,0.949999988079071,0.8057143092155457,0.1442856788635254
23584,E11_verified_sharpening,0.9837499856948853,0.8812500238418579,0.10249996185302734
23584,E12_anchor_preservation,0.921999990940094,0.8240000009536743,0.09799998998641968
23637,E1_recall_competition,0.40799240861456526,0.07543670599374105,0.33255570262082423
23637,E2_associative_chain,0.6227272727272727,0.02727272727272727,0.5954545454545455
23637,E3_endogenous_transfer,0.31666666666666665,0.0,0.31666666666666665
23637,E4_goal_directed,0.28888888888888886,0.06111111111111111,0.22777777777777775
23637,E5_recursive_strengthening,0.9945969627502961,0.121631513642848,0.8729654491074481
23637,E6_clone_divergence,0.03552637710657178,0.0,0.03552637710657178
23637,E7_observation_x_thought,0.2420091324200913,0.09387755102040816,0.14813158139968313
23637,E8_dream_recombination,1.0,0.0,1.0
23637,E9_lora_validated_internalization,0.9679999947547913,0.8100000023841858,0.15799999237060547
23637,E10_validated_vs_unvalidated,0.868571400642395,0.6485714316368103,0.21999996900558472
23637,E11_verified_sharpening,0.9787499904632568,0.71875,0.25999999046325684
23637,E12_anchor_preservation,0.984000027179718,0.9779999852180481,0.006000041961669922
23690,E1_recall_competition,0.32784829059836806,0.06474043807348244,0.2631078525248856
23690,E2_associative_chain,0.6636363636363637,0.045454545454545456,0.6181818181818183
23690,E3_endogenous_transfer,0.26666666666666666,0.0,0.26666666666666666
23690,E4_goal_directed,0.2,0.03888888888888889,0.16111111111111112
23690,E5_recursive_strengthening,0.9948213933808988,0.12626224187879012,0.8685591515021087
23690,E6_clone_divergence,0.037778828871038665,0.0,0.037778828871038665
23690,E7_observation_x_thought,0.20657276995305165,0.03375527426160337,0.17281749569144828
23690,E8_dream_recombination,1.0,0.0,1.0
23690,E9_lora_validated_internalization,0.9800000190734863,0.8679999709129333,0.11200004816055298
23690,E10_validated_vs_unvalidated,0.9585714340209961,0.7442857027053833,0.2142857313156128
23690,E11_verified_sharpening,0.9862499833106995,0.9137499928474426,0.07249999046325684
23690,E12_anchor_preservation,0.9419999718666077,0.9240000247955322,0.01799994707107544
23743,E1_recall_competition,0.4030259358289741,0.057738477255735575,0.34528745857323856
23743,E2_associative_chain,0.6818181818181818,0.031818181818181815,0.6499999999999999
23743,E3_endogenous_transfer,0.3333333333333333,0.0,0.3333333333333333
23743,E4_goal_directed,0.2,0.05,0.15000000000000002
23743,E5_recursive_strengthening,0.9947552307676447,0.1248610692326363,0.8698941615350084
23743,E6_clone_divergence,0.03621152879404328,0.0,0.03621152879404328
23743,E7_observation_x_thought,0.26153846153846155,0.06422018348623854,0.19731827805222302
23743,E8_dream_recombination,1.0,0.0,1.0
23743,E9_lora_validated_internalization,0.9800000190734863,0.8180000185966492,0.16200000047683716
23743,E10_validated_vs_unvalidated,0.9157142639160156,0.6757143139839172,0.2399999499320984
23743,E11_verified_sharpening,0.9775000214576721,0.6837499737739563,0.2937500476837158
23743,E12_anchor_preservation,0.8159999847412109,0.7360000014305115,0.07999998331069946
23796,E1_recall_competition,0.3721880335865747,0.047400899835211195,0.32478713375136353
23796,E2_associative_chain,0.6045454545454545,0.031818181818181815,0.5727272727272726
23796,E3_endogenous_transfer,0.2833333333333333,0.0,0.2833333333333333
23796,E4_goal_directed,0.2611111111111111,0.06111111111111111,0.2
23796,E5_recursive_strengthening,0.9945145438844928,0.12001459435757655,0.8744999495269162
23796,E6_clone_divergence,0.036822069101400824,0.0,0.036822069101400824
23796,E7_observation_x_thought,0.20418848167539266,0.013953488372093023,0.19023499330329963
23796,E8_dream_recombination,1.0,0.0,1.0
23796,E9_lora_validated_internalization,0.9739999771118164,0.7680000066757202,0.2059999704360962
23796,E10_validated_vs_unvalidated,0.9528571367263794,0.8128571510314941,0.13999998569488525
23796,E11_verified_sharpening,0.9825000166893005,0.7900000214576721,0.19249999523162842
23796,E12_anchor_preservation,0.8740000128746033,0.7839999794960022,0.09000003337860107
23849,E1_recall_competition,0.3458841149818862,0.03583041587023785,0.3100536991116484
23849,E2_associative_chain,0.6545454545454545,0.022727272727272728,0.6318181818181818
23849,E3_endogenous_transfer,0.25833333333333336,0.0,0.25833333333333336
23849,E4_goal_directed,0.2388888888888889,0.044444444444444446,0.19444444444444445
23849,E5_recursive_strengthening,0.9948002727117597,0.1258115699154562,0.8689887027963036
23849,E6_clone_divergence,0.03757796380370267,0.0,0.03757796380370267
23849,E7_observation_x_thought,0.21390374331550802,0.05714285714285714,0.15676088617265088
23849,E8_dream_recombination,1.0,0.0,1.0
23849,E9_lora_validated_internalization,0.9879999756813049,0.9020000100135803,0.08599996566772461
23849,E10_validated_vs_unvalidated,0.8585714101791382,0.7342857122421265,0.12428569793701172
23849,E11_verified_sharpening,0.9862499833106995,0.8199999928474426,0.16624999046325684
23849,E12_anchor_preservation,0.9620000123977661,0.949999988079071,0.012000024318695068
23902,E1_recall_competition,0.3708123294212792,0.044615791819004214,0.32619653760227496
23902,E2_associative_chain,0.5636363636363636,0.03636363636363636,0.5272727272727272
23902,E3_endogenous_transfer,0.26666666666666666,0.0,0.26666666666666666
23902,E4_goal_directed,0.25,0.07222222222222222,0.17777777777777778
23902,E5_recursive_strengthening,0.9947086081271398,0.12389213268191747,0.8708164754452223
23902,E6_clone_divergence,0.03669864456602763,0.0,0.03669864456602763
23902,E7_observation_x_thought,0.15544041450777202,0.046948356807511735,0.10849205770026028
23902,E8_dream_recombination,1.0,0.0,1.0
23902,E9_lora_validated_internalization,0.9459999799728394,0.6480000019073486,0.2979999780654907
23902,E10_validated_vs_unvalidated,0.8799999952316284,0.6671428680419922,0.21285712718963623
23902,E11_verified_sharpening,0.9787499904632568,0.8174999952316284,0.16124999523162842
23902,E12_anchor_preservation,0.9300000071525574,0.8960000276565552,0.0339999794960022
23955,E1_recall_competition,0.3468531371518174,0.09136756128110438,0.2554855758707131
23955,E2_associative_chain,0.6227272727272727,0.05,0.5727272727272726
23955,E3_endogenous_transfer,0.3416666666666667,0.0,0.3416666666666667
23955,E4_goal_directed,0.25555555555555554,0.07777777777777778,0.17777777777777776
23955,E5_recursive_strengthening,0.9947136915706554,0.12399705283699278,0.8707166387336626
23955,E6_clone_divergence,0.03439815746230276,0.0,0.03439815746230276
23955,E7_observation_x_thought,0.17727272727272728,0.029787234042553193,0.14748549323017407
23955,E8_dream_recombination,1.0,0.0,1.0
23955,E9_lora_validated_internalization,0.9599999785423279,0.6620000004768372,0.2979999780654907
23955,E10_validated_vs_unvalidated,0.9242857098579407,0.6885714530944824,0.23571425676345825
23955,E11_verified_sharpening,0.9649999737739563,0.7087500095367432,0.25624996423721313
23955,E12_anchor_preservation,0.7139999866485596,0.5879999995231628,0.12599998712539673
24008,E1_recall_competition,0.30194150198988806,0.1309945433650374,0.17094695862485065
24008,E2_associative_chain,0.6272727272727273,0.022727272727272728,0.6045454545454546
24008,E3_endogenous_transfer,0.275,0.0,0.275
24008,E4_goal_directed,0.17777777777777778,0.03888888888888889,0.1388888888888889
24008,E5_recursive_strengthening,0.9945718270898173,0.12113382427698062,0.8734380028128367
24008,E6_clone_divergence,0.0377505361028094,0.0,0.0377505361028094
24008,E7_observation_x_thought,0.2602040816326531,0.030973451327433628,0.22923063030521945
24008,E8_dream_recombination,1.0,0.0,1.0
24008,E9_lora_validated_internalization,0.9459999799728394,0.7179999947547913,0.2279999852180481
24008,E10_validated_vs_unvalidated,0.8471428751945496,0.4957142770290375,0.3514285981655121
24008,E11_verified_sharpening,0.9725000262260437,0.8450000286102295,0.1274999976158142
24008,E12_anchor_preservation,0.8820000290870667,0.8220000267028809,0.06000000238418579
24061,E1_recall_competition,0.321110995733597,0.04908734532651657,0.27202365040708043
24061,E2_associative_chain,0.6181818181818182,0.031818181818181815,0.5863636363636363
24061,E3_endogenous_transfer,0.35833333333333334,0.0,0.35833333333333334
24061,E4_goal_directed,0.2388888888888889,0.027777777777777776,0.21111111111111114
24061,E5_recursive_strengthening,0.9947421144131366,0.12458695862329094,0.8701551557898457
24061,E6_clone_divergence,0.03677859268975599,0.0,0.03677859268975599
24061,E7_observation_x_thought,0.21182266009852216,0.09777777777777778,0.11404488232074438
24061,E8_dream_recombination,1.0,0.0,1.0
24061,E9_lora_validated_internalization,0.9800000190734863,0.7680000066757202,0.2120000123977661
24061,E10_validated_vs_unvalidated,0.9571428298950195,0.6371428370475769,0.3199999928474426
24061,E11_verified_sharpening,0.981249988079071,0.8212500214576721,0.15999996662139893
24061,E12_anchor_preservation,0.5680000185966492,0.5059999823570251,0.06200003623962402
24114,E1_recall_competition,0.3177717274169026,0.09859586325520005,0.2191758641617026
24114,E2_associative_chain,0.5727272727272728,0.045454545454545456,0.5272727272727273
24114,E3_endogenous_transfer,0.25,0.0,0.25
24114,E4_goal_directed,0.2722222222222222,0.06666666666666667,0.20555555555555555
24114,E5_recursive_strengthening,0.9948194165581064,0.12621992441957816,0.8685994921385282
24114,E6_clone_divergence,0.03532534668441773,0.0,0.03532534668441773
24114,E7_observation_x_thought,0.17061611374407584,0.06696428571428571,0.10365182802979013
24114,E8_dream_recombination,1.0,0.0,1.0
24114,E9_lora_validated_internalization,0.9660000205039978,0.8180000185966492,0.14800000190734863
24114,E10_validated_vs_unvalidated,0.9442856907844543,0.7028571367263794,0.24142855405807495
24114,E11_verified_sharpening,0.9837499856948853,0.8787500262260437,0.10499995946884155
24114,E12_anchor_preservation,0.7319999933242798,0.6159999966621399,0.11599999666213989
24167,E1_recall_competition,0.3474368521182849,0.06367471279304905,0.28376213932523586
24167,E2_associative_chain,0.6090909090909091,0.04090909090909091,0.5681818181818182
24167,E3_endogenous_transfer,0.20833333333333334,0.0,0.20833333333333334
24167,E4_goal_directed,0.25,0.08888888888888889,0.1611111111111111
24167,E5_recursive_strengthening,0.9947252162792881,0.12423557342133687,0.8704896428579513
24167,E6_clone_divergence,0.03668365057409592,0.0,0.03668365057409592
24167,E7_observation_x_thought,0.17307692307692307,0.05106382978723404,0.12201309328968904
24167,E8_dream_recombination,1.0,0.0,1.0
24167,E9_lora_validated_internalization,0.9879999756813049,0.8019999861717224,0.18599998950958252
24167,E10_validated_vs_unvalidated,0.9428571462631226,0.6614285707473755,0.28142857551574707
24167,E11_verified_sharpening,0.987500011920929,0.7225000262260437,0.26499998569488525
24167,E12_anchor_preservation,0.8199999928474426,0.7400000095367432,0.07999998331069946
24220,E1_recall_competition,0.34470493185311185,0.07553485716805196,0.2691700746850599
24220,E2_associative_chain,0.6363636363636364,0.02727272727272727,0.6090909090909091
24220,E3_endogenous_transfer,0.30833333333333335,0.0,0.30833333333333335
24220,E4_goal_directed,0.2,0.044444444444444446,0.15555555555555556
24220,E5_recursive_strengthening,0.9946745879359895,0.12319448740890994,0.8714801005270796
24220,E6_clone_divergence,0.037035393428840276,0.0,0.037035393428840276
24220,E7_observation_x_thought,0.245,0.039301310043668124,0.20569868995633186
24220,E8_dream_recombination,1.0,0.0,1.0
24220,E9_lora_validated_internalization,0.984000027179718,0.8619999885559082,0.12200003862380981
24220,E10_validated_vs_unvalidated,0.9514285922050476,0.8214285969734192,0.12999999523162842
24220,E11_verified_sharpening,0.9837499856948853,0.9225000143051147,0.06124997138977051
24220,E12_anchor_preservation,0.8119999766349792,0.7300000190734863,0.08199995756149292
24273,E1_recall_competition,0.3672301890053418,0.05310959956499943,0.3141205894403424
24273,E2_associative_chain,0.6863636363636364,0.031818181818181815,0.6545454545454545
24273,E3_endogenous_transfer,0.225,0.0,0.225
24273,E4_goal_directed,0.23333333333333334,0.06111111111111111,0.17222222222222222
24273,E5_recursive_strengthening,0.9948474043033099,0.12682169152783818,0.8680257127754717
24273,E6_clone_divergence,0.03659040064089102,0.0,0.03659040064089102
24273,E7_observation_x_thought,0.17733990147783252,0.01702127659574468,0.16031862488208784
24273,E8_dream_recombination,1.0,0.0,1.0
24273,E9_lora_validated_internalization,0.9419999718666077,0.5740000009536743,0.36799997091293335
24273,E10_validated_vs_unvalidated,0.9399999976158142,0.550000011920929,0.38999998569488525
24273,E11_verified_sharpening,0.9599999785423279,0.7450000047683716,0.2149999737739563
24273,E12_anchor_preservation,0.8920000195503235,0.7699999809265137,0.12200003862380981
24326,E1_recall_competition,0.3723671431037709,0.052127190290489435,0.32023995281328144
24326,E2_associative_chain,0.6318181818181818,0.01818181818181818,0.6136363636363636
24326,E3_endogenous_transfer,0.31666666666666665,0.0,0.31666666666666665
24326,E4_goal_directed,0.19444444444444445,0.06666666666666667,0.12777777777777777
24326,E5_recursive_strengthening,0.9946839469307043,0.12338563055579285,0.8712983163749114
24326,E6_clone_divergence,0.03811920039573284,0.0,0.03811920039573284
24326,E7_observation_x_thought,0.24528301886792453,0.06611570247933884,0.17916731638858568
24326,E8_dream_recombination,1.0,0.0,1.0
24326,E9_lora_validated_internalization,0.9800000190734863,0.8140000104904175,0.16600000858306885
24326,E10_validated_vs_unvalidated,0.8757143020629883,0.6057142615318298,0.27000004053115845
24326,E11_verified_sharpening,0.9800000190734863,0.8687499761581421,0.11125004291534424
24326,E12_anchor_preservation,0.5920000076293945,0.47200000286102295,0.12000000476837158
24379,E1_recall_competition,0.366753168537666,0.05110923739050079,0.3156439311471652
24379,E2_associative_chain,0.6454545454545455,0.02727272727272727,0.6181818181818183
24379,E3_endogenous_transfer,0.2833333333333333,0.0,0.2833333333333333
24379,E4_goal_directed,0.20555555555555555,0.1,0.10555555555555554
24379,E5_recursive_strengthening,0.9947598711120673,0.12495833226363602,0.8698015388484313
24379,E6_clone_divergence,0.03715897189835295,0.0,0.03715897189835295
24379,E7_observation_x_thought,0.23529411764705882,0.034482758620689655,0.20081135902636915
24379,E8_dream_recombination,1.0,0.0,1.0
24379,E9_lora_validated_internalization,0.9599999785423279,0.6940000057220459,0.265999972820282
24379,E10_validated_vs_unvalidated,0.949999988079071,0.7257142663002014,0.22428572177886963
24379,E11_verified_sharpening,0.9837499856948853,0.7862499952316284,0.19749999046325684
24379,E12_anchor_preservation,0.9079999923706055,0.8679999709129333,0.04000002145767212
24432,E1_recall_competition,0.396824687173349,0.06772939440014136,0.32909529277320765
24432,E2_associative_chain,0.6545454545454545,0.022727272727272728,0.6318181818181818
24432,E3_endogenous_transfer,0.26666666666666666,0.0,0.26666666666666666
24432,E4_goal_directed,0.26666666666666666,0.07222222222222222,0.19444444444444445
24432,E5_recursive_strengthening,0.9946667890655148,0.12303565645849267,0.8716311326070221
24432,E6_clone_divergence,0.03816537271775891,0.0,0.03816537271775891
24432,E7_observation_x_thought,0.3314917127071823,0.027149321266968326,0.30434239144021397
24432,E8_dream_recombination,1.0,0.0,1.0
24432,E9_lora_validated_internalization,0.9580000042915344,0.6959999799728394,0.26200002431869507
24432,E10_validated_vs_unvalidated,0.9142857193946838,0.5871428847312927,0.3271428346633911
24432,E11_verified_sharpening,0.987500011920929,0.7787500023841858,0.20875000953674316
24432,E12_anchor_preservation,0.9559999704360962,0.9279999732971191,0.02799999713897705
24485,E1_recall_competition,0.40109062426612285,0.052095871212220944,0.34899475305390193
24485,E2_associative_chain,0.5863636363636363,0.03636363636363636,0.5499999999999999
24485,E3_endogenous_transfer,0.35,0.0,0.35
24485,E4_goal_directed,0.25555555555555554,0.07222222222222222,0.18333333333333332
24485,E5_recursive_strengthening,0.9946625730647967,0.12294996323545306,0.8717126098293436
24485,E6_clone_divergence,0.03574827700068074,0.0,0.03574827700068074
24485,E7_observation_x_thought,0.18974358974358974,0.11483253588516747,0.07491105385842227
24485,E8_dream_recombination,1.0,0.0,1.0
24485,E9_lora_validated_internalization,0.9819999933242798,0.8259999752044678,0.156000018119812
24485,E10_validated_vs_unvalidated,0.9399999976158142,0.6128571629524231,0.3271428346633911
24485,E11_verified_sharpening,0.9912499785423279,0.8450000286102295,0.1462499499320984
24485,E12_anchor_preservation,0.843999981880188,0.7940000295639038,0.04999995231628418
24538,E1_recall_competition,0.31314103918722336,0.06804647378314076,0.2450945654040826
24538,E2_associative_chain,0.6,0.02727272727272727,0.5727272727272728
24538,E3_endogenous_transfer,0.18333333333333332,0.0,0.18333333333333332
24538,E4_goal_directed,0.2222222222222222,0.08333333333333333,0.1388888888888889
24538,E5_recursive_strengthening,0.9947460503731099,0.12466908811088628,0.8700769622622236
24538,E6_clone_divergence,0.037853498286641675,0.0,0.037853498286641675
24538,E7_observation_x_thought,0.15714285714285714,0.06550218340611354,0.0916406737367436
24538,E8_dream_recombination,1.0,0.0,1.0
24538,E9_lora_validated_internalization,0.9819999933242798,0.8199999928474426,0.16200000047683716
24538,E10_validated_vs_unvalidated,0.9557142853736877,0.795714259147644,0.1600000262260437
24538,E11_verified_sharpening,0.9750000238418579,0.6825000047683716,0.29250001907348633
24538,E12_anchor_preservation,0.9779999852180481,0.9700000286102295,0.007999956607818604
24591,E1_recall_competition,0.33122872970120726,0.06006867484572722,0.27116005485548006
24591,E2_associative_chain,0.65,0.031818181818181815,0.6181818181818182
24591,E3_endogenous_transfer,0.21666666666666667,0.0,0.21666666666666667
24591,E4_goal_directed,0.2388888888888889,0.07222222222222222,0.16666666666666669
24591,E5_recursive_strengthening,0.9946071225703231,0.12183383472910776,0.8727732878412153
24591,E6_clone_divergence,0.03819534087750652,0.0,0.03819534087750652
24591,E7_observation_x_thought,0.16113744075829384,0.02100840336134454,0.1401290373969493
24591,E8_dream_recombination,1.0,0.0,1.0
24591,E9_lora_validated_internalization,0.9620000123977661,0.656000018119812,0.3059999942779541
24591,E10_validated_vs_unvalidated,0.9599999785423279,0.654285728931427,0.3057142496109009
24591,E11_verified_sharpening,0.9837499856948853,0.8187500238418579,0.16499996185302734
24591,E12_anchor_preservation,0.4259999990463257,0.25600001215934753,0.16999998688697815
24644,E1_recall_competition,0.40098154432920297,0.061752627697337845,0.3392289166318651
24644,E2_associative_chain,0.6454545454545455,0.031818181818181815,0.6136363636363636
24644,E3_endogenous_transfer,0.2833333333333333,0.0,0.2833333333333333
24644,E4_goal_directed,0.2222222222222222,0.06666666666666667,0.15555555555555556
24644,E5_recursive_strengthening,0.9947326660393773,0.12439024298712083,0.8703424230522564
24644,E6_clone_divergence,0.03710781764981553,0.0,0.03710781764981553
24644,E7_observation_x_thought,0.3282828282828283,0.1415525114155251,0.18673031686730318
24644,E8_dream_recombination,1.0,0.0,1.0
24644,E9_lora_validated_internalization,0.9399999976158142,0.6859999895095825,0.2540000081062317
24644,E10_validated_vs_unvalidated,0.941428542137146,0.5571428537368774,0.38428568840026855
24644,E11_verified_sharpening,0.9612500071525574,0.7662500143051147,0.19499999284744263
24644,E12_anchor_preservation,0.921999990940094,0.8399999737739563,0.0820000171661377
24697,E1_recall_competition,0.36020270888128636,0.07333509504491731,0.28686761383636905
24697,E2_associative_chain,0.6181818181818182,0.02727272727272727,0.5909090909090909
24697,E3_endogenous_transfer,0.25833333333333336,0.0,0.25833333333333336
24697,E4_goal_directed,0.2722222222222222,0.07777777777777778,0.19444444444444442
24697,E5_recursive_strengthening,0.9946003044812528,0.12169798661103488,0.8729023178702179
24697,E6_clone_divergence,0.03702141447164358,0.0,0.03702141447164358
24697,E7_observation_x_thought,0.2028985507246377,0.04824561403508772,0.15465293668955
24697,E8_dream_recombination,1.0,0.0,1.0
24697,E9_lora_validated_internalization,0.9700000286102295,0.7639999985694885,0.20600003004074097
24697,E10_validated_vs_unvalidated,0.9357143044471741,0.5799999833106995,0.3557143211364746
24697,E11_verified_sharpening,0.9750000238418579,0.7762500047683716,0.19875001907348633
24697,E12_anchor_preservation,0.9179999828338623,0.8999999761581421,0.018000006675720215
24750,E1_recall_competition,0.4128394622512414,0.10495441712715632,0.3078850451240851
24750,E2_associative_chain,0.6636363636363637,0.04090909090909091,0.6227272727272728
24750,E3_endogenous_transfer,0.2916666666666667,0.0,0.2916666666666667
24750,E4_goal_directed,0.24444444444444444,0.07222222222222222,0.17222222222222222
24750,E5_recursive_strengthening,0.9947582412773737,0.12492415327627705,0.8698340880010966
24750,E6_clone_divergence,0.03763676118680853,0.0,0.03763676118680853
24750,E7_observation_x_thought,0.1746031746031746,0.04739336492890995,0.12720980967426465
24750,E8_dream_recombination,1.0,0.0,1.0
24750,E9_lora_validated_internalization,0.972000002861023,0.671999990940094,0.30000001192092896
24750,E10_validated_vs_unvalidated,0.9528571367263794,0.6642857193946838,0.28857141733169556
24750,E11_verified_sharpening,0.9750000238418579,0.7699999809265137,0.20500004291534424
24750,E12_anchor_preservation,0.8980000019073486,0.8140000104904175,0.08399999141693115
24803,E1_recall_competition,0.3304533970521892,0.0721488122358068,0.2583045848163824
24803,E2_associative_chain,0.6454545454545455,0.01818181818181818,0.6272727272727273
24803,E3_endogenous_transfer,0.2916666666666667,0.0,0.2916666666666667
24803,E4_goal_directed,0.26666666666666666,0.07777777777777778,0.18888888888888888
24803,E5_recursive_strengthening,0.9948661943746695,0.12722890902542652,0.867637285349243
24803,E6_clone_divergence,0.03716782043538254,0.0,0.03716782043538254
24803,E7_observation_x_thought,0.21287128712871287,0.012875536480686695,0.19999575064802616
24803,E8_dream_recombination,1.0,0.0,1.0
24803,E9_lora_validated_internalization,0.9580000042915344,0.734000027179718,0.2239999771118164
24803,E10_validated_vs_unvalidated,0.9385714530944824,0.7285714149475098,0.21000003814697266
24803,E11_verified_sharpening,0.9737499952316284,0.856249988079071,0.11750000715255737
24803,E12_anchor_preservation,0.9700000286102295,0.9419999718666077,0.028000056743621826
24856,E1_recall_competition,0.2758933612462152,0.062370513246156986,0.21352284800005822
24856,E2_associative_chain,0.6,0.04090909090909091,0.5590909090909091
24856,E3_endogenous_transfer,0.275,0.0,0.275
24856,E4_goal_directed,0.22777777777777777,0.06666666666666667,0.1611111111111111
24856,E5_recursive_strengthening,0.9947707550205535,0.12518705432555652,0.8695837006949969
24856,E6_clone_divergence,0.03338204117305808,0.0,0.03338204117305808
24856,E7_observation_x_thought,0.19736842105263158,0.023076923076923078,0.1742914979757085
24856,E8_dream_recombination,1.0,0.0,1.0
24856,E9_lora_validated_internalization,0.9800000190734863,0.7300000190734863,0.25
24856,E10_validated_vs_unvalidated,0.918571412563324,0.6528571248054504,0.26571428775787354
24856,E11_verified_sharpening,0.9649999737739563,0.7037500143051147,0.26124995946884155
24856,E12_anchor_preservation,0.9739999771118164,0.9520000219345093,0.02199995517730713
24909,E1_recall_competition,0.30279721356568445,0.11157887910553951,0.19121833446014494
24909,E2_associative_chain,0.6136363636363636,0.022727272727272728,0.5909090909090909
24909,E3_endogenous_transfer,0.20833333333333334,0.0,0.20833333333333334
24909,E4_goal_directed,0.22777777777777777,0.027777777777777776,0.2
24909,E5_recursive_strengthening,0.9948400338083301,0.12666266524950567,0.8681773685588244
24909,E6_clone_divergence,0.0372377174311592,0.0,0.0372377174311592
24909,E7_observation_x_thought,0.2,0.06493506493506493,0.13506493506493508
24909,E8_dream_recombination,1.0,0.0,1.0
24909,E9_lora_validated_internalization,0.9520000219345093,0.6660000085830688,0.28600001335144043
24909,E10_validated_vs_unvalidated,0.9728571176528931,0.7228571176528931,0.25
24909,E11_verified_sharpening,0.9700000286102295,0.6762499809265137,0.2937500476837158
24909,E12_anchor_preservation,0.7599999904632568,0.734000027179718,0.02599996328353882
24962,E1_recall_competition,0.3622071468195723,0.10716487835068104,0.2550422684688912
24962,E2_associative_chain,0.6636363636363637,0.031818181818181815,0.6318181818181818
24962,E3_endogenous_transfer,0.20833333333333334,0.0,0.20833333333333334
24962,E4_goal_directed,0.2222222222222222,0.05555555555555555,0.16666666666666666
24962,E5_recursive_strengthening,0.9947651974286986,0.12507015931279883,0.8696950381158998
24962,E6_clone_divergence,0.03758683550404308,0.0,0.03758683550404308
24962,E7_observation_x_thought,0.2619047619047619,0.016,0.2459047619047619
24962,E8_dream_recombination,1.0,0.0,1.0
24962,E9_lora_validated_internalization,0.984000027179718,0.7919999957084656,0.19200003147125244
24962,E10_validated_vs_unvalidated,0.9385714530944824,0.7257142663002014,0.212857186794281
24962,E11_verified_sharpening,0.9800000190734863,0.8412500023841858,0.13875001668930054
24962,E12_anchor_preservation,0.6439999938011169,0.44200000166893005,0.2019999921321869
25015,E1_recall_competition,0.3986948341135454,0.09380078380848123,0.30489405030506417
25015,E2_associative_chain,0.5681818181818182,0.02727272727272727,0.540909090909091
25015,E3_endogenous_transfer,0.21666666666666667,0.0,0.21666666666666667
25015,E4_goal_directed,0.2388888888888889,0.03888888888888889,0.2
25015,E5_recursive_strengthening,0.994752577190344,0.12480551705676556,0.8699470601335785
25015,E6_clone_divergence,0.037099461455427744,0.0,0.037099461455427744
25015,E7_observation_x_thought,0.23383084577114427,0.017699115044247787,0.21613173072689648
25015,E8_dream_recombination,1.0,0.0,1.0
25015,E9_lora_validated_internalization,0.9779999852180481,0.8220000267028809,0.15599995851516724
25015,E10_validated_vs_unvalidated,0.9399999976158142,0.5785714387893677,0.36142855882644653
25015,E11_verified_sharpening,0.9862499833106995,0.8174999952316284,0.16874998807907104
25015,E12_anchor_preservation,0.7699999809265137,0.6399999856948853,0.12999999523162842
25068,E1_recall_competition,0.31032672537763506,0.08215391081477803,0.22817281456285704
25068,E2_associative_chain,0.6363636363636364,0.022727272727272728,0.6136363636363636
25068,E3_endogenous_transfer,0.2916666666666667,0.0,0.2916666666666667
25068,E4_goal_directed,0.21666666666666667,0.05,0.16666666666666669
25068,E5_recursive_strengthening,0.9945789690434356,0.12127482374791994,0.8733041452955156
25068,E6_clone_divergence,0.036119323853495956,0.0,0.036119323853495956
25068,E7_observation_x_thought,0.30434782608695654,0.020833333333333332,0.2835144927536232
25068,E8_dream_recombination,1.0,0.0,1.0
25068,E9_lora_validated_internalization,0.972000002861023,0.8040000200271606,0.1679999828338623
25068,E10_validated_vs_unvalidated,0.9342857003211975,0.6714285612106323,0.2628571391105652
25068,E11_verified_sharpening,0.9862499833106995,0.7412499785423279,0.24500000476837158
25068,E12_anchor_preservation,0.8539999723434448,0.765999972820282,0.08799999952316284
